Amino-Acid,One Letter Code
Gln,Q
Cys,C
Val,V
Asn,N
Leu,L
Thr,T
Thr,T
Arg,R
Thr,T
Gln,Q
Leu,L
Pro,P
Pro,P
Ala,A
Tyr,Y
Thr,T
Asn,N
Ser,S
Phe,F
Thr,T
Arg,R
Gly,G
Val,V
Tyr,Y
Tyr,Y
Pro,P
Asp,D
Lys,K
Val,V
Phe,F
Arg,R
Ser,S
Ser,S
Val,V
Leu,L
His,H
Ser,S
Thr,T
Gln,Q
Asp,D
Leu,L
Phe,F
Leu,L
Pro,P
Phe,F
Phe,F
Ser,S
Asn,N
Val,V
Thr,T
Trp,W
Phe,F
His,H
Ala,A
Ile,I
His,H
Val,V
Ser,S
Gly,G
Thr,T
Asn,N
Gly,G
Thr,T
Lys,K
Arg,R
Phe,F
Asp,D
Asn,N
Pro,P
Val,V
Leu,L
Pro,P
Phe,F
Asn,N
Asp,D
Gly,G
Val,V
Tyr,Y
Phe,F
Ala,A
Ser,S
Thr,T
Glu,E
Lys,K
Ser,S
Asn,N
Ile,I
Ile,I
Arg,R
Gly,G
Trp,W
Ile,I
Phe,F
Gly,G
Thr,T
Thr,T
Leu,L
Asp,D
Ser,S
Lys,K
Thr,T
Gln,Q
Ser,S
Leu,L
Leu,L
Ile,I
Val,V
Asn,N
Asn,N
Ala,A
Thr,T
Asn,N
Val,V
Val,V
Ile,I
Lys,K
Val,V
Cys,C
Glu,E
Phe,F
Gln,Q
Phe,F
Cys,C
Asn,N
Asp,D
Pro,P
Phe,F
Leu,L
Gly,G
Val,V
Tyr,Y
Tyr,Y
His,H
Lys,K
Asn,N
Asn,N
Lys,K
Ser,S
Trp,W
Met,M
Glu,E
Ser,S
Glu,E
Phe,F
Arg,R
Val,V
Tyr,Y
Ser,S
Ser,S
Ala,A
Asn,N
Asn,N
Cys,C
Thr,T
Phe,F
Glu,E
Tyr,Y
Val,V
Ser,S
Gln,Q
Pro,P
Phe,F
Leu,L
Met,M
Asp,D
Leu,L
Glu,E
Gly,G
Lys,K
Gln,Q
Gly,G
Asn,N
Phe,F
Lys,K
Asn,N
Leu,L
Arg,R
Glu,E
Phe,F
Val,V
Phe,F
Lys,K
Asn,N
Ile,I
Asp,D
Gly,G
Tyr,Y
Phe,F
Lys,K
Ile,I
Tyr,Y
Ser,S
Lys,K
His,H
Thr,T
Pro,P
Ile,I
Asn,N
Leu,L
Val,V
Arg,R
Asp,D
Leu,L
Pro,P
Gln,Q
Gly,G
Phe,F
Ser,S
Ala,A
Leu,L
Glu,E
Pro,P
Leu,L
Val,V
Asp,D
Leu,L
Pro,P
Ile,I
Gly,G
Ile,I
Asn,N
Ile,I
Thr,T
Arg,R
Phe,F
Gln,Q
Thr,T
Leu,L
Leu,L
Ala,A
Leu,L
His,H
Arg,R
Ser,S
Tyr,Y
Leu,L
Thr,T
Pro,P
Gly,G
Asp,D
Ser,S
Ser,S
Ser,S
Gly,G
Trp,W
Thr,T
Ala,A
Gly,G
Ala,A
Ala,A
Ala,A
Tyr,Y
Tyr,Y
Val,V
Gly,G
Tyr,Y
Leu,L
Gln,Q
Pro,P
Arg,R
Thr,T
Phe,F
Leu,L
Leu,L
Lys,K
Tyr,Y
Asn,N
Glu,E
Asn,N
Gly,G
Thr,T
Ile,I
Thr,T
Asp,D
Ala,A
Val,V
Asp,D
Cys,C
Ala,A
Leu,L
Asp,D
Pro,P
Leu,L
Ser,S
Glu,E
Thr,T
Lys,K
Cys,C
Thr,T
Leu,L
Lys,K
Ser,S
Phe,F
Thr,T
Val,V
Glu,E
Lys,K
Gly,G
Ile,I
Tyr,Y
Gln,Q
Thr,T
Ser,S
Asn,N
Phe,F
Arg,R
Val,V
Gln,Q
Pro,P
Thr,T
Glu,E
Ser,S
Ile,I
Val,V
Arg,R
Phe,F
Pro,P
Asn,N
Ile,I
Thr,T
Asn,N
Leu,L
Cys,C
Pro,P
Phe,F
Gly,G
Glu,E
Val,V
Phe,F
Asn,N
Ala,A
Thr,T
Arg,R
Phe,F
Ala,A
Ser,S
Val,V
Tyr,Y
Ala,A
Trp,W
Asn,N
Arg,R
Lys,K
Arg,R
Ile,I
Ser,S
Asn,N
Cys,C
Val,V
Ala,A
Asp,D
Tyr,Y
Ser,S
Val,V
Leu,L
Tyr,Y
Asn,N
Ser,S
Ala,A
Ser,S
Phe,F
Ser,S
Thr,T
Phe,F
Lys,K
Cys,C
Tyr,Y
Gly,G
Val,V
Ser,S
Pro,P
Thr,T
Lys,K
Leu,L
Asn,N
Asp,D
Leu,L
Cys,C
Phe,F
Thr,T
Asn,N
Val,V
Tyr,Y
Ala,A
Asp,D
Ser,S
Phe,F
Val,V
Ile,I
Arg,R
Gly,G
Asp,D
Glu,E
Val,V
Arg,R
Gln,Q
Ile,I
Ala,A
Pro,P
Gly,G
Gln,Q
Thr,T
Gly,G
Lys,K
Ile,I
Ala,A
Asp,D
Tyr,Y
Asn,N
Tyr,Y
Lys,K
Leu,L
Pro,P
Asp,D
Asp,D
Phe,F
Thr,T
Gly,G
Cys,C
Val,V
Ile,I
Ala,A
Trp,W
Asn,N
Ser,S
Asn,N
Asn,N
Leu,L
Asp,D
Ser,S
Lys,K
Val,V
Gly,G
Gly,G
Asn,N
Tyr,Y
Asn,N
Tyr,Y
Leu,L
Tyr,Y
Arg,R
Leu,L
Phe,F
Arg,R
Lys,K
Ser,S
Asn,N
Leu,L
Lys,K
Pro,P
Phe,F
Glu,E
Arg,R
Asp,D
Ile,I
Ser,S
Thr,T
Glu,E
Ile,I
Tyr,Y
Gln,Q
Ala,A
Gly,G
Ser,S
Thr,T
Pro,P
Cys,C
Asn,N
Gly,G
Val,V
Glu,E
Gly,G
Phe,F
Asn,N
Cys,C
Tyr,Y
Phe,F
Pro,P
Leu,L
Gln,Q
Ser,S
Tyr,Y
Gly,G
Phe,F
Gln,Q
Pro,P
Thr,T
Asn,N
Gly,G
Val,V
Gly,G
Tyr,Y
Gln,Q
Pro,P
Tyr,Y
Arg,R
Val,V
Val,V
Val,V
Leu,L
Ser,S
Phe,F
Glu,E
Leu,L
Leu,L
His,H
Ala,A
Pro,P
Ala,A
Thr,T
Val,V
Cys,C
Gly,G
Pro,P
Lys,K
Lys,K
Ser,S
Thr,T
Asn,N
Leu,L
Val,V
Lys,K
Asn,N
Lys,K
Cys,C
Val,V
Asn,N
Phe,F
Asn,N
Phe,F
Asn,N
Gly,G
Leu,L
Thr,T
Gly,G
Thr,T
Gly,G
Val,V
Leu,L
Thr,T
Glu,E
Ser,S
Asn,N
Lys,K
Lys,K
Phe,F
Leu,L
Pro,P
Phe,F
Gln,Q
Gln,Q
Phe,F
Gly,G
Arg,R
Asp,D
Ile,I
Ala,A
Asp,D
Thr,T
Thr,T
Asp,D
Ala,A
Val,V
Arg,R
Asp,D
Pro,P
Gln,Q
Thr,T
Leu,L
Glu,E
Ile,I
Leu,L
Asp,D
Ile,I
Thr,T
Pro,P
Cys,C
Ser,S
Phe,F
Gly,G
Gly,G
Val,V
Ser,S
Val,V
Ile,I
Thr,T
Pro,P
Gly,G
Thr,T
Asn,N
Thr,T
Ser,S
Asn,N
Gln,Q
Val,V
Ala,A
Val,V
Leu,L
Tyr,Y
Gln,Q
Asp,D
Val,V
Asn,N
Cys,C
Thr,T
Glu,E
Val,V
Pro,P
Val,V
Ala,A
Ile,I
His,H
Ala,A
Asp,D
Gln,Q
Leu,L
Thr,T
Pro,P
Thr,T
Trp,W
Arg,R
Val,V
Tyr,Y
Ser,S
Thr,T
Gly,G
Ser,S
Asn,N
Val,V
Phe,F
Gln,Q
Thr,T
Arg,R
Ala,A
Gly,G
Cys,C
Leu,L
Ile,I
Gly,G
Ala,A
Glu,E
His,H
Val,V
Asn,N
Asn,N
Ser,S
Tyr,Y
Glu,E
Cys,C
Asp,D
Ile,I
Pro,P
Ile,I
Gly,G
Ala,A
Gly,G
Ile,I
Cys,C
Ala,A
Ser,S
Tyr,Y
Gln,Q
Thr,T
Gln,Q
Thr,T
Asn,N
Ser,S
Pro,P
Gly,G
Ser,S
Ala,A
Ser,S
Ser,S
Val,V
Ala,A
Ser,S
Gln,Q
Ser,S
Ile,I
Ile,I
Ala,A
Tyr,Y
Thr,T
Met,M
Ser,S
Leu,L
Gly,G
Ala,A
Glu,E
Asn,N
Ser,S
Val,V
Ala,A
Tyr,Y
Ser,S
Asn,N
Asn,N
Ser,S
Ile,I
Ala,A
Ile,I
Pro,P
Thr,T
Asn,N
Phe,F
Thr,T
Ile,I
Ser,S
Val,V
Thr,T
Thr,T
Glu,E
Ile,I
Leu,L
Pro,P
Val,V
Ser,S
Met,M
Thr,T
Lys,K
Thr,T
Ser,S
Val,V
Asp,D
Cys,C
Thr,T
Met,M
Tyr,Y
Ile,I
Cys,C
Gly,G
Asp,D
Ser,S
Thr,T
Glu,E
Cys,C
Ser,S
Asn,N
Leu,L
Leu,L
Leu,L
Gln,Q
Tyr,Y
Gly,G
Ser,S
Phe,F
Cys,C
Thr,T
Gln,Q
Leu,L
Asn,N
Arg,R
Ala,A
Leu,L
Thr,T
Gly,G
Ile,I
Ala,A
Val,V
Glu,E
Gln,Q
Asp,D
Lys,K
Asn,N
Thr,T
Gln,Q
Glu,E
Val,V
Phe,F
Ala,A
Gln,Q
Val,V
Lys,K
Gln,Q
Ile,I
Tyr,Y
Lys,K
Thr,T
Pro,P
Pro,P
Ile,I
Lys,K
Asp,D
Phe,F
Gly,G
Gly,G
Phe,F
Asn,N
Phe,F
Ser,S
Gln,Q
Ile,I
Leu,L
Pro,P
Asp,D
Pro,P
Ser,S
Lys,K
Pro,P
Ser,S
Lys,K
Arg,R
Ser,S
Phe,F
Ile,I
Glu,E
Asp,D
Leu,L
Leu,L
Phe,F
Asn,N
Lys,K
Val,V
Thr,T
Leu,L
Ala,A
Asp,D
Ala,A
Gly,G
Phe,F
Ile,I
Lys,K
Gln,Q
Tyr,Y
Gly,G
Asp,D
Cys,C
Leu,L
Gly,G
Asp,D
Ile,I
Ala,A
Ala,A
Arg,R
Asp,D
Leu,L
Ile,I
Cys,C
Ala,A
Gln,Q
Lys,K
Phe,F
Asn,N
Gly,G
Leu,L
Thr,T
Val,V
Leu,L
Pro,P
Pro,P
Leu,L
Leu,L
Thr,T
Asp,D
Glu,E
Met,M
Ile,I
Ala,A
Gln,Q
Tyr,Y
Thr,T
Ser,S
Ala,A
Leu,L
Leu,L
Ala,A
Gly,G
Thr,T
Ile,I
Thr,T
Ser,S
Gly,G
Trp,W
Thr,T
Phe,F
Gly,G
Ala,A
Gly,G
Ala,A
Ala,A
Leu,L
Gln,Q
Ile,I
Pro,P
Phe,F
Ala,A
Met,M
Gln,Q
Met,M
Ala,A
Tyr,Y
Arg,R
Phe,F
Asn,N
Gly,G
Ile,I
Gly,G
Val,V
Thr,T
Gln,Q
Asn,N
Val,V
Leu,L
Tyr,Y
Glu,E
Asn,N
Gln,Q
Lys,K
Leu,L
Ile,I
Ala,A
Asn,N
Gln,Q
Phe,F
Asn,N
Ser,S
Ala,A
Ile,I
Gly,G
Lys,K
Ile,I
Gln,Q
Asp,D
Ser,S
Leu,L
Ser,S
Ser,S
Thr,T
Ala,A
Ser,S
Ala,A
Leu,L
Gly,G
Lys,K
Leu,L
Gln,Q
Asp,D
Val,V
Val,V
Asn,N
Gln,Q
Asn,N
Ala,A
Gln,Q
Ala,A
Leu,L
Asn,N
Thr,T
Leu,L
Val,V
Lys,K
Gln,Q
Leu,L
Ser,S
Ser,S
Asn,N
Phe,F
Gly,G
Ala,A
Ile,I
Ser,S
Ser,S
Val,V
Leu,L
Asn,N
Asp,D
Ile,I
Leu,L
Ser,S
Arg,R
Leu,L
Asp,D
Pro,P
Pro,P
Glu,E
Ala,A
Glu,E
Val,V
Gln,Q
Ile,I
Asp,D
Arg,R
Leu,L
Ile,I
Thr,T
Gly,G
Arg,R
Leu,L
Gln,Q
Ser,S
Leu,L
Gln,Q
Thr,T
Tyr,Y
Val,V
Thr,T
Gln,Q
Gln,Q
Leu,L
Ile,I
Arg,R
Ala,A
Ala,A
Glu,E
Ile,I
Arg,R
Ala,A
Ser,S
Ala,A
Asn,N
Leu,L
Ala,A
Ala,A
Thr,T
Lys,K
Met,M
Ser,S
Glu,E
Cys,C
Val,V
Leu,L
Gly,G
Gln,Q
Ser,S
Lys,K
Arg,R
Val,V
Asp,D
Phe,F
Cys,C
Gly,G
Lys,K
Gly,G
Tyr,Y
His,H
Leu,L
Met,M
Ser,S
Phe,F
Pro,P
Gln,Q
Ser,S
Ala,A
Pro,P
His,H
Gly,G
Val,V
Val,V
Phe,F
Leu,L
His,H
Val,V
Thr,T
Tyr,Y
Val,V
Pro,P
Ala,A
Gln,Q
Glu,E
Lys,K
Asn,N
Phe,F
Thr,T
Thr,T
Ala,A
Pro,P
Ala,A
Ile,I
Cys,C
His,H
Asp,D
Gly,G
Lys,K
Ala,A
His,H
Phe,F
Pro,P
Arg,R
Glu,E
Gly,G
Val,V
Phe,F
Val,V
Ser,S
Asn,N
Gly,G
Thr,T
His,H
Trp,W
Phe,F
Val,V
Thr,T
Gln,Q
Arg,R
Asn,N
Phe,F
Tyr,Y
Glu,E
Pro,P
Gln,Q
Ile,I
Ile,I
Thr,T
Thr,T
Asp,D
Asn,N
Thr,T
Phe,F
Val,V
Ser,S
Gly,G
Asn,N
Cys,C
Asp,D
Val,V
Val,V
Ile,I
Gly,G
Ile,I
Val,V
Asn,N
Asn,N
Thr,T
Val,V
Tyr,Y
Asp,D
Pro,P
Leu,L
Gln,Q
Pro,P
Glu,E
Leu,L
Asp,D
Ser,S
Phe,F
Lys,K
Glu,E
Glu,E
Leu,L
Asp,D
Lys,K
Tyr,Y
Phe,F
Lys,K
Asn,N
His,H
Thr,T
Ser,S
Pro,P
Asp,D
Val,V
Asp,D
Leu,L
Gly,G
Asp,D
Ile,I
Ser,S
Gly,G
Ile,I
Asn,N
Ala,A
Ser,S
Val,V
Val,V
Asn,N
Ile,I
Gln,Q
Lys,K
Glu,E
Ile,I
Asp,D
Arg,R
Leu,L
Asn,N
Glu,E
Val,V
Ala,A
Lys,K
Asn,N
Leu,L
Asn,N
Glu,E
Ser,S
Leu,L
Ile,I
Asp,D
Leu,L
Gln,Q
Glu,E
Leu,L
Gly,G
Lys,K
Tyr,Y
Glu,E
Gln,Q
Gly,G
Ser,S
Gly,G
Tyr,Y
Ile,I
Pro,P
Glu,E
Ala,A
Pro,P
Arg,R
Asp,D
Gly,G
Gln,Q
Ala,A
Tyr,Y
Val,V
Arg,R
Lys,K
Asp,D
Gly,G
Glu,E
Trp,W
Val,V
Leu,L
Leu,L
Ser,S
Thr,T
Phe,F
Leu,L
Gly,G
Arg,R
Ser,S
Leu,L
Glu,E
Val,V
Leu,L
Phe,F
Gln,Q
Gly,G
Pro,P
Gly,G
His,H
His,H
His,H
His,H
His,H
His,H
His,H
His,H
Ser,S
Ala,A
Trp,W
Ser,S
His,H
Pro,P
Gln,Q
Phe,F
Glu,E
Lys,K
Gly,G
Gly,G
Gly,G
Ser,S
Gly,G
Gly,G
Gly,G
Gly,G
Ser,S
Gly,G
Gly,G
Ser,S
Ala,A
Trp,W
Ser,S
His,H
Pro,P
Gln,Q
Phe,F
Glu,E
Lys,K